<?xml version="1.0" encoding="UTF-8"?>
<beans xmlns="http://www.springframework.org/schema/beans"
    xmlns:xsi="http://www.w3.org/2001/XMLSchema-instance"
    xsi:schemaLocation="
        http://www.springframework.org/schema/beans http://www.springframework.org/schema/beans/spring-beans.xsd">
        
        <bean id="dt1"  class="java.util.Date">
            <property name="year" value="110"/>  <!-- add 1900 to given year so it becoems 2010 -->
            <property name="month" value="4"/>  <!-- 0 to 11-->
            <property name="date" value="20"/>  <!-- 1 to 31-->
        </bean>
        
        <!-- spring bean cfgs -->
        <bean id="dt" class="java.util.Date"/>  <!-- dependent class -->

        <bean id="wmg"  class="com.nt.beans.WishMessageGenerator">  <!-- target class -->
         
            <constructor-arg name="dat" ref="dt"/>  <!-- constructor Injection -->
            <property name="date1" ref="dt1"/>
           
        </bean>
        
        
</beans>        

